{
  "project_info": {
    "project_number": "613430288636",
    "firebase_url": "https://advanced-fe990.firebaseio.com",
    "project_id": "advanced-fe990",
    "storage_bucket": "advanced-fe990.appspot.com"
  },
  "client": [
    {
      "client_info": {
        "mobilesdk_app_id": "1:613430288636:android:9911a717c255d0e1",
        "android_client_info": {
          "package_name": "com.example.dhananjay.advanced"
        }
      },
      "oauth_client": [
        {
          "client_id": "613430288636-4fje3fjvvtmbruvis7ntpq9ve0l6tptb.apps.googleusercontent.com",
          "client_type": 1,
          "android_info": {
            "package_name": "com.example.dhananjay.advanced",
            "certificate_hash": "c18b401dff3dcc5ced289de7f12ab765fabefcf7"
          }
        },
        {
          "client_id": "613430288636-rerpqlg3n96trv2j6791gqkrmckjqc1h.apps.googleusercontent.com",
          "client_type": 3
        }
      ],
      "api_key": [
        {
          "current_key": "AIzaSyAMkvLM8i2mULZAeTSj2NuvtZzpGECEAh8"
        }
      ],
      "services": {
        "analytics_service": {
          "status": 1
        },
        "appinvite_service": {
          "status": 2,
          "other_platform_oauth_client": [
            {
              "client_id": "613430288636-rerpqlg3n96trv2j6791gqkrmckjqc1h.apps.googleusercontent.com",
              "client_type": 3
            }
          ]
        },
        "ads_service": {
          "status": 2
        }
      }
    }
  ],
  "configuration_version": "1"
}